刀,2
力,2
又,2
乜,2
三,3
干,3
亍,3
于,3
亏,3
士,3
土,3
工,3
才,3
下,3
寸,3
丈,3
大,3
兀,3
与,3
万,3
弋,3
上,3
小,3
口,3
山,3
巾,3
千,3
乞,3
川,3
亿,3
彳,3
个,3
么,3
久,3
勺,3
丸,3
夕,3
凡,3
及,3
广,3
亡,3
门,3
丫,3
义,3
之,3
尸,3
已,3
巳,3
弓,3
己,3
卫,3
孑,3
子,3
孓,3
也,3
女,3
飞,3
刃,3
习,3
叉,3
马,3
乡,3
幺,3
丰,4
王,4
井,4
开,4
亓,4
夫,4
天,4
元,4
无,4
韦,4
云,4
专,4
丐,4
扎,4
廿,4
艺,4
木,4
五,4
支,4
厅,4
卅,4
不,4
仄,4
太,4
犬,4
区,4
历,4
友,4
歹,4
尤,4
匹,4
厄,4
车,4
巨,4
牙,4
屯,4
戈,4
比,4
互,4
切,4
瓦,4
止,4
少,4
曰,4
日,4
中,4
贝,4
内,4
水,4
冈,4
见,4
手,4
午,4
牛,4
毛,4
气,4
壬,4
升,4
夭,4
长,4
仁,4
仃,4
什,4
片,4
仆,4
仉,4
化,4
仇,4
币,4
仂,4
仍,4
仅,4
斤,4
爪,4
反,4
兮,4
刈,4
介,4
父,4
爻,4
从,4
仑,4
今,4
凶,4
分,4
乏,4
公,4
仓,4
月,4
氏,4
勿,4
风,4
欠,4
丹,4
匀,4
乌,4
勾,4
殳,4
凤,4
卞,4
六,4
文,4
亢,4
方,4
闩,4
火,4
为,4
斗,4
忆,4
计,4
订,4
户,4
讣,4
认,4
讥,4
冗,4
心,4
尹,4
尺,4
夬,4
引,4
丑,4
爿,4
巴,4
孔,4
队,4
办,4
以,4
允,4
邓,4
予,4
劝,4
双,4
书,4
毋,4
幻,4
玉,4
刊,4
末,4
未,4
示,4
击,4
邗,4
戋,4
打,4
巧,4
正,4
扑,4
卉,4
扒,4
邛,4
功,4
扔,4
去,4
甘,4
世,4
艾,4
艽,4
古,4
节,4
艿,4
本,4
术,4
札,4
可,4
叵,4
匝,4
丙,4
左,4
厉,4
丕,4
石,4
右,4
布,4
夯,4
龙,4
戊,4
平,4
灭,4
轧,4
东,4
匜,4
劢,4
卡,4
北,4
占,4
凸,4
卢,4
业,4
旧,4
帅,4
归,4
目,4
旦,4
且,4
叮,4
叶,4
甲,4
申,4
号,4
电,4
田,4
由,4
卟,4
叭,4
只,4
央,4
史,4
叱,4
叽,4
兄,4
叼,4
叩,4
叫,4
叻,4
叨,4
另,4
叹,4
冉,4
皿,4
凹,4
囚,4
四,4
生,4
失,4
矢,4
氕,4
乍,4
禾,4
仨,4
仕,4
丘,4
付,4
仗,4
代,4
仙,4
仟,4
仡,4
仫,4
伋,4
们,4
仪,4
白,4
仔,4
他,4
仞,4
斥,4
卮,4
瓜,4
乎,4
丛,4
令,4
用,4
甩,4
印,4
氐,4
乐,4
尔,4
句,4
匆,4
犰,4
册,4
卯,4
犯,4
外,4
处,4
冬,4
鸟,4
务,4
刍,4
包,4
饥,4
主,4
市,4
庀,4
邝,4
立,4
冯,4
邙,4
玄,4
闪,4
兰,4
半,4
汀,4
汁,4
汇,4
头,4
汈,4
汉,4
忉,4
宁,4
穴,4
宄,4
它,4
讦,4
讧,4
讨,4
写,4
让,4
礼,4
讪,4
讫,4
训,4
必,4
议,4
讯,4
记,4
永,4
司,4
尻,4
尼,4
民,4
弗,4
弘,4
阢,4
出,4
阡,4
辽,4
奶,4
奴,4
尕,4
加,4
召,4
皮,4
边,4
孕,4
发,4
圣,4
对,4
弁,4
台,4
矛,4
纠,4
驭,4
母,4
幼,4
丝,4
匡,6
耒,6
邦,6
玎,6
玑,6
式,6
迂,6
刑,6
邢,6
戎,6
动,6
圩,6
圬,6
圭,6
扛,6
寺,6
吉,6
扣,6
扦,6
圪,6
考,6
托,6
圳,6
老,6
圾,6
巩,6
执,6
扩,6
圹,6
扪,6
扫,6
圯,6
圮,6
地,6
扬,6
场,6
耳,6
芋,6
芏,6
共,6
芊,6
芍,6
芨,6
芄,6
芒,6
亚,6
芝,6
芎,6
芑,6
芗,6
朽,6
朴,6
机,6
权,6
过,6
亘,6
臣,6
吏,6
再,6
协,6
西,6
压,6
厌,6
厍,6
戌,6
在,6
百,6
有,6
存,6
而,6
页,6
匠,6
夸,6
夺,6
夼,6
灰,6
达,6
戍,6
尥,6
列,6
死,6
成,6
夹,6
夷,6
轨,6
邪,6
尧,6
划,6
迈,6
毕,6
至,6
此,6
乩,6
贞,6
师,6
尘,6
尖,6
一,1
乙,1
二,2
十,2
丁,2
厂,2
七,2
卜,2
八,2
人,2
入,2
乂,2
儿,2
九,2
匕,2
几,2
刁,2
了,2
乃,2
劣,6
光,6
当,6
吁,6
早,6
吐,6
吓,6
旯,6
曳,6
虫,6
曲,6
团,6
同,6
吕,6
吊,6
吃,6
因,6
吸,6
吗,6
吆,6
屿,6
屹,6
岌,6
帆,6
岁,6
回,6
岂,6
屺,6
则,6
刚,6
网,6
肉,6
凼,6
囝,6
囡,6
钆,6
钇,6
年,6
朱,6
缶,6
氘,6
氖,6
牝,6
先,6
丢,6
廷,6
舌,6
竹,6
迁,6
乔,6
迄,6
伟,6
传,6
乒,6
乓,6
休,6
伍,6
伎,6
伏,6
伛,6
优,6
臼,6
伢,6
伐,6
仳,6
延,6
佤,6
仲,6
仵,6
件,6
任,6
伤,6
伥,6
价,6
伦,6
份,6
伧,6
华,6
仰,6
伉,6
仿,6
伙,6
伪,6
伫,6
自,6
伊,6
血,6
向,6
囟,6
似,6
后,6
行,6
甪,6
舟,6
全,6
会,6
杀,6
合,6
兆,6
企,6
汆,6
氽,6
众,6
爷,6
伞,6
创,6
刖,6
肌,6
肋,6
朵,6
杂,6
夙,6
危,6
旬,6
旭,6
旮,6
旨,6
负,6
犴,6
刎,6
犷,6
匈,6
犸,6
舛,6
各,6
名,6
多,6
凫,6
争,6
邬,6
色,6
饧,6
冱,6
壮,6
冲,6
妆,6
冰,6
庄,6
庆,6
亦,6
刘,6
齐,6
交,6
次,6
衣,6
产,6
决,6
亥,6
邡,6
充,6
妄,6
闭,6
问,6
闯,6
羊,6
并,6
关,6
米,6
灯,6
州,6
汗,6
污,6
江,6
汕,6
汔,6
汲,6
汐,6
汛,6
汜,6
池,6
汝,6
汤,6
汊,6
忖,6
忏,6
忙,6
兴,6
宇,6
守,6
宅,6
字,6
安,6
讲,6
讳,6
讴,6
军,6
讵,6
讶,6
祁,6
讷,6
许,6
讹,6
论,6
讼,6
农,6
讽,6
设,6
访,6
诀,6
聿,6
寻,6
那,6
艮,6
厾,6
迅,6
尽,6
导,6
异,6
弛,6
阱,6
阮,6
孙,6
阵,6
阳,6
收,6
阪,6
阶,6
阴,6
防,6
丞,6
奸,6
如,6
妁,6
妇,6
妃,6
好,6
她,6
妈,6
戏,6
羽,6
观,6
牟,6
欢,6
买,6
纡,6
红,6
纣,6
驮,6
纤,6
纥,6
驯,6
纨,6
约,6
级,6
纩,6
纪,6
驰,6
纫,6
巡,6
寿,7
玕,7
弄,7
玙,7
麦,7
玖,7
玚,7
玛,7
形,7
进,7
戒,7
吞,7
远,7
违,7
韧,7
运,7
扶,7
抚,7
坛,7
抟,7
技,7
坏,7
抔,7
抠,7
坜,7
扰,7
扼,7
拒,7
找,7
批,7
扯,7
址,7
走,7
抄,7
汞,7
坝,7
贡,7
攻,7
赤,7
圻,7
折,7
抓,7
扳,7
坂,7
抡,7
扮,7
抢,7
扺,7
孝,7
坎,7
坍,7
均,7
坞,7
抑,7
抛,7
投,7
抃,7
坟,7
坑,7
抗,7
坊,7
抖,7
护,7
壳,7
志,7
扭,7
块,7
抉,7
声,7
把,7
报,7
拟,7
抒,7
却,7
劫,7
毐,7
芙,7
芫,7
芜,7
苇,7
邯,7
芸,7
芾,7
芰,7
苈,7
苊,7
苣,7
芽,7
芷,7
芮,7
苋,7
芼,7
苌,7
花,7
芹,7
芥,7
苁,7
芩,7
芬,7
苍,7
芪,7
芴,7
芡,7
芟,7
苄,7
芳,7
严,7
苎,7
芦,7
芯,7
劳,7
克,7
芭,7
苏,7
苡,7
杆,7
杜,7
杠,7
材,7
村,7
杖,7
杌,7
杏,7
杉,7
巫,7
杓,7
极,7
杧,7
杞,7
李,7
杨,7
杈,7
求,7
忑,7
孛,7
甫,7
匣,7
更,7
束,7
吾,7
豆,7
两,7
邴,7
酉,7
丽,7
医,7
辰,7
励,7
邳,7
否,7
还,7
矶,7
奁,7
豕,7
尬,7
歼,7
来,7
忒,7
连,7
欤,7
轩,7
轪,7
轫,7
迓,7
邶,7
忐,7
芈,7
步,7
卤,7
卣,7
邺,7
坚,7
肖,7
旰,7
旱,7
盯,7
呈,7
时,7
吴,7
呋,7
助,7
县,7
里,7
呓,7
呆,7
吱,7
吠,7
呔,7
呕,7
园,7
呖,7
呃,7
旷,7
围,7
呀,7
吨,7
旸,7
吡,7
町,7
足,7
虬,7
邮,7
男,7
困,7
吵,7
串,7
呙,7
呐,7
呗,7
员,7
听,7
吟,7
吩,7
呛,7
吻,7
吹,7
呜,7
吭,7
吣,7
吲,7
吼,7
邑,7
吧,7
囤,7
别,7
吮,7
岍,7
帏,7
岐,7
岖,7
岈,7
岗,7
岘,7
帐,7
岑,7
岚,7
兕,7
财,7
囵,7
囫,7
钉,7
针,7
钊,7
钋,7
钌,7
迕,7
氙,7
氚,7
牡,7
告,7
我,7
乱,7
利,7
秃,7
秀,7
私,7
岙,7
每,7
佞,7
兵,7
邱,7
估,7
体,7
何,7
佐,7
伾,7
佑,7
攸,7
但,7
伸,7
佃,7
佚,7
作,7
伯,7
伶,7
佣,7
低,7
你,7
佝,7
佟,7
住,7
位,7
伴,7
佗,7
身,7
皂,7
伺,7
佛,7
伽,7
囱,7
近,7
彻,7
役,7
彷,7
返,7
佘,7
余,7
希,7
佥,7
坐,7
谷,7
孚,7
妥,7
豸,7
含,7
邻,7
坌,7
岔,7
肝,7
肟,7
肛,7
肚,7
肘,7
肠,7
邸,7
龟,7
甸,7
奂,7
免,7
劬,7
狂,7
犹,7
狈,7
狄,7
角,7
删,7
狃,7
狁,7
鸠,7
条,7
彤,7
卵,7
灸,7
岛,7
邹,7
刨,7
饨,7
迎,7
饩,7
饪,7
饫,7
饬,7
饭,7
饮,7
系,7
言,7
冻,7
状,7
亩,7
况,7
亨,7
庑,7
床,7
庋,7
库,7
庇,7
疔,7
疖,7
疗,7
吝,7
应,7
冷,7
这,7
庐,7
序,7
辛,7
肓,7
弃,7
冶,7
忘,7
闰,7
闱,7
闲,7
闳,7
间,7
闵,7
闶,7
闷,7
羌,7
判,7
兑,7
灶,7
灿,7
灼,7
炀,7
弟,7
沣,7
汪,7
沅,7
沄,7
沐,7
沛,7
沔,7
汰,7
沤,7
沥,7
沌,7
沘,7
沏,7
沚,7
沙,7
汩,7
汨,7
汭,7
汽,7
沃,7
沂,7
沦,7
汹,7
汾,7
泛,7
沧,7
沨,7
沟,7
没,7
汴,7
汶,7
沆,7
沩,7
沪,7
沈,7
沉,7
沁,7
泐,7
怃,7
忮,7
怀,7
怄,7
忧,7
忡,7
忤,7
忾,7
怅,7
忻,7
忪,7
怆,7
忭,7
忱,7
快,7
忸,7
完,7
宋,7
宏,7
牢,7
究,7
穷,7
灾,7
良,7
证,7
诂,7
诃,7
启,7
评,7
补,7
初,7
社,7
祀,7
祃,7
诅,7
识,7
诈,7
诉,7
罕,7
诊,7
诋,7
诌,7
词,7
诎,7
诏,7
诐,7
译,7
诒,7
君,7
灵,7
即,7
层,7
屁,7
屃,7
尿,7
尾,7
迟,7
局,7
改,7
张,7
忌,7
际,7
陆,7
阿,7
孜,7
陇,7
陈,7
阽,7
阻,7
阼,7
附,7
坠,7
陀,7
陂,7
陉,7
妍,7
妩,7
妓,7
妪,7
妣,7
妙,7
妊,7
妖,7
妗,7
姊,7
妨,7
妫,7
妒,7
妞,7
姒,7
妤,7
努,7
邵,7
劭,7
忍,7
刭,7
劲,7
甬,7
邰,7
矣,7
鸡,7
纬,7
纭,7
驱,7
纯,7
纰,7
纱,7
纲,7
纳,7
纴,7
纵,7
驳,7
纶,7
纷,7
纸,7
纹,7
纺,7
纻,7
驴,7
纽,7
纾,7
奉,8
玩,8
玮,8
环,8
玡,8
武,8
青,8
责,8
现,8
玫,8
玠,8
玢,8
玥,8
表,8
玦,8
甙,8
盂,8
忝,8
规,8
匦,8
抹,8
卦,8
邽,8
坩,8
坷,8
坯,8
拓,8
垅,8
拢,8
拔,8
抨,8
坪,8
拣,8
拤,8
拈,8
坫,8
垆,8
坦,8
担,8
坤,8
押,8
抻,8
抽,8
拐,8
拃,8
拖,8
拊,8
者,8
拍,8
顶,8
坼,8
拆,8
拎,8
拥,8
抵,8
坻,8
拘,8
势,8
抱,8
拄,8
垃,8
拉,8
拦,8
幸,8
拌,8
拧,8
坨,8
坭,8
抿,8
拂,8
拙,8
招,8
坡,8
披,8
拨,8
择,8
拚,8
抬,8
拇,8
坳,8
拗,8
耵,8
其,8
耶,8
取,8
茉,8
苷,8
苦,8
苯,8
昔,8
苛,8
苤,8
若,8
茂,8
茏,8
苹,8
苫,8
苴,8
苜,8
苗,8
英,8
苒,8
苘,8
茌,8
苻,8
苓,8
茚,8
苟,8
茆,8
茑,8
苑,8
苞,8
范,8
茓,8
茔,8
茕,8
直,8
苠,8
茀,8
茁,8
茄,8
苕,8
茎,8
苔,8
茅,8
枉,8
林,8
枝,8
杯,8
枢,8
枥,8
柜,8
枇,8
杪,8
杳,8
枘,8
枧,8
杵,8
枚,8
枨,8
析,8
板,8
枞,8
松,8
枪,8
枫,8
构,8
杭,8
枋,8
杰,8
述,8
枕,8
杻,8
杷,8
杼,8
丧,8
或,8
画,8
卧,8
事,8
刺,8
枣,8
雨,8
卖,8
矸,8
郁,8
矻,8
矾,8
矽,8
矿,8
砀,8
码,8
厕,8
奈,8
刳,8
奔,8
奇,8
奄,8
奋,8
态,8
瓯,8
欧,8
殴,8
垄,8
殁,8
郏,8
妻,8
轰,8
顷,8
转,8
轭,8
斩,8
轮,8
软,8
到,8
郅,8
鸢,8
非,8
叔,8
歧,8
肯,8
齿,8
些,8
卓,8
虎,8
虏,8
肾,8
贤,8
尚,8
盱,8
旺,8
具,8
昊,8
昙,8
果,8
味,8
杲,8
昃,8
昆,8
国,8
哎,8
咕,8
昌,8
呵,8
咂,8
畅,8
呸,8
昕,8
明,8
易,8
咙,8
昀,8
昂,8
旻,8
昉,8
炅,8
咔,8
畀,8
虮,8
迪,8
典,8
固,8
忠,8
咀,8
呷,8
呻,8
黾,8
咒,8
咋,8
咐,8
呱,8
呼,8
呤,8
咚,8
鸣,8
咆,8
咛,8
咏,8
呢,8
咄,8
呶,8
咖,8
呦,8
咝,8
岵,8
岢,8
岸,8
岩,8
帖,8
罗,8
岿,8
岬,8
岫,8
帜,8
帙,8
帕,8
岭,8
岣,8
峁,8
刿,8
峂,8
迥,8
岷,8
剀,8
凯,8
帔,8
峄,8
沓,8
败,8
账,8
贩,8
贬,8
购,8
贮,8
囹,8
图,8
罔,8
钍,8
钎,8
钏,8
钐,8
钓,8
钒,8
钔,8
钕,8
钗,8
邾,8
制,8
知,8
迭,8
氛,8
迮,8
垂,8
牦,8
牧,8
物,8
乖,8
刮,8
秆,8
和,8
季,8
委,8
竺,8
秉,8
迤,8
佳,8
侍,8
佶,8
岳,8
佬,8
佴,8
供,8
使,8
侑,8
佰,8
侉,8
例,8
侠,8
臾,8
侥,8
版,8
侄,8
岱,8
侦,8
侣,8
侗,8
侃,8
侧,8
侏,8
凭,8
侨,8
侩,8
佻,8
佾,8
佩,8
货,8
侈,8
侪,8
佼,8
依,8
佯,8
侬,8
帛,8
卑,8
的,8
迫,8
阜,8
侔,8
质,8
欣,8
郈,8
征,8
徂,8
往,8
爬,8
彼,8
径,8
所,8
舍,8
金,8
刽,8
郐,8
刹,8
命,8
肴,8
郄,8
斧,8
怂,8
爸,8
采,8
籴,8
觅,8
受,8
乳,8
贪,8
念,8
贫,8
忿,8
瓮,8
戗,8
肼,8
肤,8
朊,8
肺,8
肢,8
肽,8
肱,8
肫,8
肿,8
肭,8
胀,8
朋,8
肷,8
股,8
肮,8
肪,8
肥,8
服,8
胁,8
周,8
剁,8
昏,8
迩,8
郇,8
鱼,8
兔,8
狉,8
狙,8
狎,8
狐,8
忽,8
狝,8
狗,8
狍,8
狞,8
狒,8
咎,8
备,8
炙,8
枭,8
饯,8
饰,8
饱,8
饲,8
饳,8
饴,8
冽,8
变,8
京,8
享,8
冼,8
庞,8
店,8
夜,8
庙,8
府,8
底,8
庖,8
疟,8
疠,8
疝,8
疙,8
疚,8
疡,8
剂,8
卒,8
郊,8
兖,8
庚,8
废,8
净,8
妾,8
盲,8
放,8
於,8
刻,8
劾,8
育,8
氓,8
闸,8
闹,8
郑,8
券,8
卷,8
单,8
炜,8
炬,8
炖,8
炒,8
炝,8
炊,8
炕,8
炎,8
炉,8
炔,8
沫,8
浅,8
法,8
泔,8
泄,8
沽,8
沭,8
河,8
泷,8
沾,8
泸,8
沮,8
泪,8
油,8
泱,8
泅,8
泗,8
泊,8
泠,8
泜,8
泺,8
泃,8
沿,8
泖,8
泡,8
注,8
泣,8
泫,8
泮,8
泞,8
沱,8
泻,8
泌,8
泳,8
泥,8
泯,8
沸,8
泓,8
沼,8
波,8
泼,8
泽,8
泾,8
治,8
怔,8
怯,8
怙,8
怵,8
怖,8
怦,8
怛,8
怏,8
性,8
怍,8
怕,8
怜,8
怩,8
怫,8
怊,8
怿,8
怪,8
怡,8
学,8
宝,8
宗,8
定,8
宕,8
宠,8
宜,8
审,8
宙,8
官,8
空,8
帘,8
穸,8
穹,8
宛,8
实,8
宓,8
诓,8
诔,8
试,8
郎,8
诖,8
诗,8
诘,8
戾,8
肩,8
房,8
诙,8
戽,8
诚,8
郓,8
衬,8
衫,8
衩,8
祆,8
祎,8
祉,8
视,8
祈,8
诛,8
诜,8
话,8
诞,8
诟,8
诠,8
诡,8
询,8
诣,8
诤,8
该,8
详,8
诧,8
诨,8
诩,8
建,8
肃,8
隶,8
录,8
帚,8
屉,8
居,8
届,8
刷,8
鸤,8
屈,8
弧,8
弥,8
弦,8
承,8
孟,8
陋,8
戕,8
陌,8
孤,8
孢,8
陕,8
亟,8
降,8
函,8
陔,8
限,8
卺,8
妹,8
姑,8
姐,8
妲,8
妯,8
姓,8
姗,8
妮,8
始,8
帑,8
弩,8
孥,8
驽,8
姆,8
虱,8
迦,8
迢,8
驾,8
叁,8
参,8
迨,8
艰,8
线,8
绀,8
绁,8
绂,8
练,8
驵,8
组,8
绅,8
细,8
驶,8
织,8
驷,8
驸,8
驹,8
终,8
绉,8
驺,8
驻,8
绊,8
驼,8
绋,8
绌,8
绍,8
驿,8
绎,8
经,8
骀,8
贯,8
甾,8
砉,9
耔,9
契,9
贰,9
奏,9
春,9
帮,9
珏,9
珐,9
珂,9
珑,9
玷,9
玳,9
珀,9
顸,9
珍,9
玲,9
珊,9
珉,9
珈,9
玻,9
毒,9
型,9
韨,9
拭,9
挂,9
封,9
持,9
拮,9
拷,9
拱,9
垭,9
挝,9
垣,9
项,9
垮,9
挎,9
垯,9
挞,9
城,9
挟,9
挠,9
垤,9
政,9
赴,9
赵,9
赳,9
贲,9
垱,9
挡,9
拽,9
垌,9
哉,9
垲,9
挺,9
括,9
挢,9
埏,9
郝,9
垍,9
垧,9
垢,9
拴,9
拾,9
挑,9
垛,9
指,9
垫,9
挣,9
挤,9
垓,9
垟,9
拼,9
垞,9
挖,9
按,9
挥,9
挦,9
挪,9
垠,9
拯,9
拶,9
某,9
甚,9
荆,9
茸,9
革,9
茜,9
茬,9
荐,9
荙,9
巷,9
荚,9
荑,9
贳,9
荛,9
荜,9
茈,9
带,9
草,9
茧,9
茼,9
莒,9
茵,9
茴,9
茱,9
莛,9
荞,9
茯,9
荏,9
荇,9
荃,9
荟,9
茶,9
荀,9
茗,9
荠,9
茭,9
茨,9
荒,9
垩,9
茳,9
茫,9
荡,9
荣,9
荤,9
荥,9
荦,9
荧,9
荨,9
茛,9
故,9
荩,9
胡,9
荪,9
荫,9
茹,9
荔,9
南,9
荬,9
荭,9
药,9
柰,9
标,9
栈,9
柑,9
枯,9
栉,9
柯,9
柄,9
柘,9
栊,9
柩,9
枰,9
栋,9
栌,9
相,9
查,9
柙,9
枵,9
柚,9
枳,9
柞,9
柏,9
柝,9
栀,9
柃,9
柢,9
栎,9
枸,9
栅,9
柳,9
柱,9
柿,9
栏,9
柈,9
柠,9
柁,9
枷,9
柽,9
树,9
勃,9
剌,9
郚,9
剅,9
要,9
酊,9
郦,9
柬,9
咸,9
威,9
歪,9
甭,9
研,9
砖,9
厘,9
砗,9
厚,9
砑,9
砘,9
砒,9
砌,9
砂,9
泵,9
砚,9
斫,9
砭,9
砜,9
砍,9
面,9
耐,9
耍,9
奎,9
耷,9
牵,9
鸥,9
虺,9
残,9
殂,9
殃,9
殇,9
殄,9
殆,9
轱,9
轲,9
轳,9
轴,9
轵,9
轶,9
轷,9
轸,9
轹,9
轺,9
轻,9
鸦,9
虿,9
皆,9
毖,9
韭,9
背,9
战,9
觇,9
点,9
虐,9
临,9
览,9
竖,9
尜,9
省,9
削,9
尝,9
哐,9
昧,9
眄,9
眍,9
盹,9
是,9
郢,9
眇,9
眊,9
盼,9
眨,9
昽,9
眈,9
哇,9
咭,9
哄,9
哑,9
显,9
冒,9
映,9
禺,9
哂,9
星,9
昨,9
咴,9
曷,9
昴,9
咧,9
昱,9
昵,9
咦,9
哓,9
昭,9
哔,9
畎,9
畏,9
毗,9
趴,9
呲,9
胄,9
胃,9
贵,9
畋,9
畈,9
界,9
虹,9
虾,9
虼,9
虻,9
蚁,9
思,9
蚂,9
盅,9
咣,9
虽,9
品,9
咽,9
骂,9
哕,9
剐,9
郧,9
勋,9
咻,9
哗,9
囿,9
咱,9
咿,9
响,9
哌,9
哙,9
哈,9
哚,9
咯,9
哆,9
咬,9
咳,9
咩,9
咪,9
咤,9
哝,9
哪,9
哏,9
哞,9
哟,9
峙,9
炭,9
峡,9
峣,9
罘,9
帧,9
罚,9
峒,9
峤,9
峋,9
峥,9
峧,9
帡,9
贱,9
贴,9
贶,9
贻,9
骨,9
幽,9
钘,9
钙,9
钚,9
钛,9
钝,9
钞,9
钟,9
钡,9
钠,9
钢,9
钣,9
钤,9
钥,9
钦,9
钧,9
钨,9
钩,9
钪,9
钫,9
钬,9
钭,9
钮,9
钯,9
卸,9
缸,9
拜,9
看,9
矩,9
矧,9
毡,9
氡,9
氟,9
氢,9
牯,9
怎,9
郜,9
牲,9
选,9
适,9
秕,9
秒,9
香,9
种,9
秭,9
秋,9
科,9
重,9
复,9
竽,9
竿,9
笈,9
笃,9
俦,9
段,9
俨,9
俅,9
便,9
俩,9
俪,9
叟,9
垡,9
贷,9
牮,9
顺,9
修,9
俏,9
俣,9
俚,9
保,9
俜,9
促,9
俄,9
俐,9
侮,9
俭,9
俗,9
俘,9
信,9
皇,9
泉,9
皈,9
鬼,9
侵,9
禹,9
侯,9
追,9
俑,9
俟,9
俊,9
盾,9
逅,9
待,9
徊,9
徇,9
徉,9
衍,9
律,9
很,9
须,9
舢,9
舣,9
叙,9
俞,9
弇,9
郗,9
剑,9
逃,9
俎,9
卻,9
爰,9
郛,9
食,9
瓴,9
盆,9
胚,9
胧,9
胨,9
胩,9
胪,9
胆,9
胛,9
胂,9
胜,9
胙,9
胍,9
胗,9
胝,9
朐,9
胞,9
胖,9
脉,9
胫,9
胎,9
鸨,9
匍,9
勉,9
狨,9
狭,9
狮,9
独,9
狯,9
狰,9
狡,9
飐,9
飑,9
狩,9
狱,9
狠,9
狲,9
訇,9
訄,9
逄,9
昝,9
贸,9
怨,9
急,9
饵,9
饶,9
蚀,9
饷,9
饸,9
饹,9
饺,9
饻,9
胤,9
饼,9
峦,9
弯,9
孪,9
娈,9
将,9
奖,9
哀,9
亭,9
亮,9
庤,9
度,9
弈,9
奕,9
迹,9
庭,9
庥,9
疬,9
疣,9
疥,9
疭,9
疮,9
疯,9
疫,9
疢,9
疤,9
庠,9
咨,9
姿,9
亲,9
竑,9
音,9
彦,9
飒,9
帝,9
施,9
闺,9
闻,9
闼,9
闽,9
闾,9
闿,9
阀,9
阁,9
阂,9
差,9
养,9
美,9
羑,9
姜,9
迸,9
叛,9
送,9
类,9
籼,9
迷,9
籽,9
娄,9
前,9
酋,9
首,9
逆,9
兹,9
总,9
炳,9
炻,9
炼,9
炟,9
炽,9
炯,9
炸,9
烀,9
烁,9
炮,9
炷,9
炫,9
烂,9
烃,9
剃,9
洼,9
洁,9
洱,9
洪,9
洹,9
洒,9
洧,9
洌,9
浃,9
柒,9
浇,9
泚,9
浈,9
浉,9
浊,9
洞,9
洇,9
洄,9
测,9
洙,9
洗,9
活,9
洑,9
涎,9
洎,9
洫,9
派,9
浍,9
洽,9
洮,9
染,9
洵,9
洚,9
洺,9
洛,9
浏,9
济,9
洨,9
浐,9
洋,9
洴,9
洣,9
洲,9
浑,9
浒,9
浓,9
津,9
浔,9
浕,9
洳,9
恸,9
恃,9
恒,9
恹,9
恢,9
恍,9
恫,9
恺,9
恻,9
恬,9
恤,9
恰,9
恂,9
恪,9
恼,9
恽,9
恨,9
举,9
觉,9
宣,9
宦,9
宥,9
宬,9
室,9
宫,9
宪,9
突,9
穿,9
窀,9
窃,9
客,9
诫,9
冠,9
诬,9
语,9
扁,9
扃,9
袆,9
衲,9
衽,9
袄,9
衿,9
袂,9
祛,9
祜,9
祓,9
祖,9
神,9
祝,9
祚,9
诮,9
祗,9
祢,9
祠,9
误,9
诰,9
诱,9
诲,9
诳,9
鸩,9
说,9
昶,9
诵,9
郡,9
垦,9
退,9
既,9
屋,9
昼,9
咫,9
屏,9
屎,9
弭,9
费,9
陡,9
逊,9
牁,9
眉,9
胥,9
孩,9
陛,9
陟,9
陧,9
陨,9
除,9
险,9
院,9
娃,9
姞,9
姥,9
娅,9
姨,9
娆,9
姻,9
姝,9
娇,9
姚,9
姽,9
姣,9
姘,9
姹,9
娜,9
怒,9
架,9
贺,9
盈,9
怼,9
羿,9
勇,9
炱,9
怠,9
癸,9
蚤,9
柔,9
矜,9
垒,9
绑,9
绒,9
结,9
绔,9
骁,9
绕,9
骄,9
骅,9
绗,9
绘,9
给,9
绚,9
彖,9
绛,9
络,9
骆,9
绝,9
绞,9
骇,9
统,9
骈,9
耕,10
耘,10
耖,10
耗,10
耙,10
艳,10
挈,10
恝,10
泰,10
秦,10
珥,10
珙,10
顼,10
珰,10
珠,10
珽,10
珩,10
珧,10
珣,10
珞,10
琤,10
班,10
珲,10
敖,10
素,10
匿,10
蚕,10
顽,10
盏,10
匪,10
恚,10
捞,10
栽,10
捕,10
埔,10
埂,10
捂,10
振,10
载,10
赶,10
起,10
盐,10
捎,10
捍,10
埕,10
捏,10
埘,10
埋,10
捉,10
捆,10
捐,10
埚,10
埙,10
损,10
袁,10
挹,10
捌,10
都,10
哲,10
逝,10
耆,10
耄,10
捡,10
挫,10
捋,10
埒,10
换,10
挽,10
贽,10
挚,10
热,10
恐,10
捣,10
垸,10
壶,10
捃,10
捅,10
盍,10
埃,10
挨,10
耻,10
耿,10
耽,10
聂,10
莰,10
茝,10
荸,10
莆,10
恭,10
莽,10
莱,10
莲,10
莳,10
莫,10
莴,10
莪,10
莉,10
莠,10
莓,10
荷,10
莜,10
莅,10
荼,10
莶,10
莩,10
荽,10
获,10
莸,10
荻,10
莘,10
晋,10
恶,10
莎,10
莞,10
莹,10
莨,10
莺,10
真,10
莙,10
鸪,10
莼,10
框,10
梆,10
桂,10
桔,10
栲,10
栳,10
郴,10
桓,10
栖,10
桡,10
桎,10
桢,10
桄,10
档,10
桐,10
桤,10
株,10
梃,10
栝,10
桥,10
桕,10
桦,10
桁,10
栓,10
桧,10
桃,10
桅,10
栒,10
格,10
桩,10
校,10
核,10
样,10
栟,10
桉,10
根,10
栩,10
逑,10
索,10
逋,10
彧,10
哥,10
速,10
鬲,10
豇,10
逗,10
栗,10
贾,10
酐,10
酎,10
酌,10
配,10
酏,10
逦,10
翅,10
辱,10
唇,10
厝,10
孬,10
夏,10
砝,10
砹,10
砸,10
砺,10
砰,10
砧,10
砷,10
砟,10
砼,10
砥,10
砾,10
砣,10
础,10
破,10
硁,10
恧,10
原,10
套,10
剞,10
逐,10
砻,10
烈,10
殊,10
殉,10
顾,10
轼,10
轾,10
轿,10
辀,10
辁,10
辂,10
较,10
鸫,10
顿,10
趸,10
毙,10
致,10
剕,10
龀,10
柴,10
桌,10
鸬,10
虔,10
虑,10
监,10
紧,10
逍,10
党,10
眬,10
唛,10
逞,10
晒,10
晟,10
眩,10
眠,10
晓,10
眙,10
唝,10
哧,10
哳,10
哮,10
唠,10
鸭,10
晃,10
哺,10
哽,10
唔,10
晔,10
晌,10
晁,10
剔,10
晏,10
晖,10
晕,10
鸮,10
趵,10
趿,10
畛,10
蚌,10
蚨,10
蚜,10
蚍,10
蚋,10
蚬,10
畔,10
蚝,10
蚧,10
蚣,10
蚊,10
蚪,10
蚓,10
哨,10
唢,10
哩,10
圃,10
哭,10
圄,10
哦,10
唣,10
唏,10
恩,10
盎,10
唑,10
鸯,10
唤,10
唁,10
哼,10
唧,10
啊,10
唉,10
唆,10
帱,10
崂,10
崃,10
罡,10
罢,10
罟,10
峭,10
峨,10
峪,10
峰,10
圆,10
觊,10
峻,10
贼,10
贿,10
赂,10
赃,10
赅,10
赆,10
钰,10
钱,10
钲,10
钳,10
钴,10
钵,10
钷,10
钹,10
钺,10
钻,10
钼,10
钽,10
钾,10
钿,10
铀,10
铁,10
铂,10
铃,10
铄,10
铅,10
铆,10
铈,10
铉,10
铊,10
铋,10
铌,10
铍,10
铎,10
眚,10
缺,10
氩,10
氤,10
氦,10
氧,10
氨,10
毪,10
特,10
牺,10
造,10
乘,10
敌,10
舐,10
秣,10
秫,10
秤,10
租,10
秧,10
积,10
盉,10
秩,10
称,10
秘,10
透,10
笄,10
笕,10
笔,10
笑,10
笊,10
笫,10
笏,10
笋,10
笆,10
俸,10
倩,10
债,10
俵,10
倻,10
借,10
偌,10
值,10
倚,10
俺,10
倾,10
倒,10
俳,10
俶,10
倬,10
倏,10
倘,10
俱,10
倡,10
候,10
赁,10
恁,10
倭,10
倪,10
俾,10
倜,10
隼,10
隽,10
倞,10
俯,10
倍,10
倦,10
倓,10
倌,10
倥,10
臬,10
健,10
臭,10
射,10
皋,10
躬,10
息,10
郫,10
倨,10
倔,10
衄,10
颀,10
徒,10
徕,10
徐,10
殷,10
舰,10
舨,10
舱,10
般,10
航,10
舫,10
瓞,10
途,10
拿,10
釜,10
耸,10
爹,10
舀,10
爱,10
豺,10
豹,10
奚,10
鬯,10
衾,10
鸰,10
颁,10
颂,10
翁,10
胯,10
胰,10
胱,10
胴,10
胭,10
脍,10
脎,10
脆,10
脂,10
胸,10
胳,10
脏,10
脐,10
胶,10
脑,10
胲,10
胼,10
朕,10
脒,10
胺,10
脓,10
鸱,10
玺,10
鱽,10
鸲,10
逛,10
狴,10
狸,10
狷,10
猁,10
狳,10
猃,10
狺,10
逖,10
狼,10
卿,10
狻,10
逢,10
桀,10
鸵,10
留,10
袅,10
眢,10
鸳,10
皱,10
饽,10
饿,10
馀,10
馁,10
凌,10
凇,10
凄,10
栾,10
挛,10
恋,10
桨,10
浆,10
衰,10
勍,10
衷,10
高,10
亳,10
郭,10
席,10
准,10
座,10
脊,10
症,10
疳,10
疴,10
病,10
疽,10
疸,10
疾,10
痄,10
斋,10
疹,10
痈,10
疼,10
疱,10
疰,10
痃,10
痂,10
疲,10
痉,10
效,10
离,10
衮,10
紊,10
唐,10
凋,10
颃,10
瓷,10
资,10
恣,10
凉,10
站,10
剖,10
竞,10
部,10
旁,10
旆,10
旄,10
旅,10
旃,10
畜,10
阃,10
阄,10
阅,10
阆,10
羞,10
羔,10
恙,10
瓶,10
桊,10
拳,10
敉,10
粉,10
料,10
粑,10
益,10
兼,10
朔,10
郸,10
烤,10
烘,10
烜,10
烦,10
烧,10
烛,10
烟,10
烨,10
烩,10
烙,10
烊,10
剡,10
郯,10
烬,10
递,10
涛,10
浙,10
涝,10
浡,10
浦,10
涑,10
浯,10
酒,10
涞,10
涟,10
涉,10
娑,10
消,10
涅,10
涠,10
浞,10
涓,10
涢,10
涡,10
浥,10
涔,10
浩,10
海,10
浜,10
涂,10
浠,10
浴,10
浮,10
涣,10
浼,10
涤,10
流,10
润,10
涧,10
涕,10
浣,10
浪,10
浸,10
涨,10
烫,10
涩,10
涌,10
涘,10
浚,10
悖,10
悚,10
悟,10
悭,10
悄,10
悍,10
悝,10
悃,10
悒,10
悔,10
悯,10
悦,10
悌,10
悢,10
悛,10
害,10
宽,10
宸,10
家,10
宵,10
宴,10
宾,10
窍,10
窅,10
窄,10
容,10
窈,10
剜,10
宰,10
案,10
请,10
朗,10
诸,10
诹,10
诺,10
读,10
扅,10
诼,10
冢,10
扇,10
诽,10
袜,10
袪,10
袒,10
袖,10
袗,10
袍,10
袢,10
被,10
袯,10
祯,10
祧,10
祥,10
课,10
冥,10
诿,10
谀,10
谁,10
谂,10
调,10
冤,10
谄,10
谅,10
谆,10
谇,10
谈,10
谊,10
剥,10
恳,10
展,10
剧,10
屑,10
屐,10
屙,10
弱,10
陵,10
陬,10
勐,10
奘,10
疍,10
牂,10
蚩,10
祟,10
陲,10
陴,10
陶,10
陷,10
陪,10
烝,10
姬,10
娠,10
娱,10
娌,10
娉,10
娟,10
娲,10
恕,10
娥,10
娩,10
娴,10
娣,10
娘,10
娓,10
婀,10
砮,10
哿,10
畚,10
通,10
能,10
难,10
逡,10
预,10
桑,10
剟,10
绠,10
骊,10
绡,10
骋,10
绢,10
绣,10
验,10
绤,10
绥,10
绦,10
骍,10
继,10
绨,10
骎,10
骏,10
邕,10
鸶,10
彗,11
耜,11
焘,11
舂,11
琎,11
球,11
琏,11
琐,11
理,11
琇,11
麸,11
琉,11
琅,11
捧,11
掭,11
堵,11
揶,11
措,11
描,11
埴,11
域,11
捺,11
掎,11
埼,11
掩,11
埯,11
捷,11
捯,11
排,11
焉,11
掉,11
掳,11
掴,11
埸,11
堌,11
捶,11
赦,11
赧,11
推,11
堆,11
捭,11
埠,11
晳,11
掀,11
逵,11
授,11
捻,11
埝,11
堋,11
教,11
堍,11
掏,11
掐,11
掬,11
鸷,11
掠,11
掂,11
掖,11
培,11
掊,11
接,11
堉,11
掷,11
掸,11
控,11
捩,11
掮,11
探,11
悫,11
埭,11
埽,11
据,11
掘,11
掺,11
掇,11
掼,11
职,11
聃,11
基,11
聆,11
勘,11
聊,11
聍,11
娶,11
菁,11
菝,11
著,11
菱,11
萁,11
菥,11
菘,11
堇,11
勒,11
黄,11
萘,11
萋,11
勩,11
菲,11
菽,11
菖,11
萌,11
萜,11
萝,11
菌,11
萎,11
萸,11
萑,11
菂,11
菜,11
棻,11
菔,11
菟,11
萄,11
萏,11
菊,11
萃,11
菩,11
菼,11
菏,11
萍,11
菹,11
菠,11
菪,11
菅,11
菀,11
萤,11
营,11
萦,11
乾,11
萧,11
菰,11
菡,11
萨,11
菇,11
械,11
梽,11
彬,11
梵,11
梦,11
婪,11
梗,11
梧,11
梾,11
梢,11
梏,11
梅,11
觋,11
检,11
桴,11
桷,11
梓,11
梳,11
棁,11
梯,11
桫,11
棂,11
桶,11
梭,11
救,11
啬,11
郾,11
匮,11
曹,11
敕,11
副,11
豉,11
票,11
鄄,11
酝,11
酞,11
酗,11
酚,11
厢,11
厣,11
戚,11
戛,11
硎,11
硅,11
硭,11
硒,11
硕,11
硖,11
硗,11
硐,11
硚,11
硇,11
硌,11
鸸,11
瓠,11
匏,11
奢,11
盔,11
爽,11
厩,11
聋,11
龚,11
袭,11
殒,11
殓,11
殍,11
盛,11
赉,11
匾,11
雩,11
雪,11
辄,11
辅,11
辆,11
堑,11
龁,11
颅,11
虚,11
彪,11
雀,11
堂,11
常,11
眶,11
眭,11
唪,11
眦,11
啧,11
匙,11
晡,11
晤,11
晨,11
眺,11
眵,11
睁,11
眯,11
眼,11
眸,11
悬,11
野,11
圊,11
啪,11
啦,11
喏,11
喵,11
啉,11
勖,11
曼,11
晦,11
晞,11
晗,11
晚,11
冕,11
啄,11
啭,11
啡,11
畦,11
趼,11
趺,11
距,11
趾,11
啃,11
跃,11
啮,11
跄,11
略,11
蚶,11
蛄,11
蛎,11
蛆,11
蚰,11
蚺,11
蛊,11
圉,11
蚱,11
蚯,11
蛉,11
蛀,11
蛇,11
蛏,11
蚴,11
唬,11
累,11
鄂,11
唱,11
患,11
啰,11
唾,11
唯,11
啤,11
啥,11
啁,11
啕,11
唿,11
啐,11
唼,11
唷,11
啴,11
啖,11
啵,11
啶,11
啷,11
唳,11
啸,11
啜,11
帻,11
崖,11
崎,11
崦,11
崭,11
逻,11
帼,11
崮,11
崔,11
帷,11
崟,11
崤,11
崩,11
崞,11
崇,11
崆,11
崛,11
赇,11
赈,11
婴,11
赊,11
圈,11
铐,11
铑,11
铒,11
铕,11
铗,11
铘,11
铙,11
銍,11
铛,11
铜,11
铝,11
铞,11
铟,11
铠,11
铡,11
铢,11
铣,11
铤,11
铥,11
铧,11
铨,11
铩,11
铪,11
铫,11
铭,11
铬,11
铮,11
铯,11
铰,11
铱,11
铲,11
铳,11
铴,11
铵,11
银,11
铷,11
矫,11
氪,11
牾,11
甜,11
鸹,11
秸,11
梨,11
犁,11
稆,11
秽,11
移,11
秾,11
逶,11
笺,11
筇,11
笨,11
笸,11
笼,11
笪,11
笛,11
笙,11
笮,11
符,11
笱,11
笠,11
笥,11
第,11
笳,11
笤,11
笾,11
笞,11
敏,11
偾,11
做,11
鸺,11
偃,11
偕,11
袋,11
悠,11
偿,11
偶,11
偈,11
偎,11
偲,11
傀,11
偷,11
您,11
偬,11
售,11
停,11
偻,11
偏,11
躯,11
皑,11
兜,11
皎,11
假,11
衅,11
鸻,11
徘,11
徙,11
徜,11
得,11
衔,11
舸,11
舻,11
舳,11
盘,11
舴,11
舶,11
船,11
鸼,11
舷,11
舵,11
斜,11
龛,11
盒,11
鸽,11
瓻,11
敛,11
悉,11
欲,11
彩,11
领,11
翎,11
脚,11
脖,11
脯,11
豚,11
脶,11
脸,11
脞,11
脬,11
脱,11
脘,11
脲,11
脧,11
匐,11
鱾,11
象,11
够,11
逸,11
猜,11
猪,11
猎,11
猫,11
猗,11
凰,11
猖,11
猡,11
猊,11
猞,11
猄,11
猝,11
斛,11
觖,11
猕,11
猛,11
馗,11
祭,11
馃,11
馄,11
馅,11
馆,11
凑,11
减,11
鸾,11
毫,11
孰,11
烹,11
庶,11
庹,11
麻,11
庵,11
庼,11
庾,11
庳,11
痔,11
痍,11
疵,11
痊,11
痒,11
痕,11
廊,11
康,11
庸,11
鹿,11
盗,11
章,11
竟,11
翊,11
商,11
旌,11
族,11
旎,11
旋,11
望,11
袤,11
率,11
阇,11
阈,11
阉,11
阊,11
阋,11
阌,11
阍,11
阎,11
阏,11
阐,11
着,11
羚,11
羝,11
羟,11
盖,11
眷,11
粝,11
粘,11
粗,11
粕,11
粒,11
断,11
剪,11
兽,11
焐,11
焊,11
烯,11
焓,11
焕,11
烽,11
焖,11
烷,11
烺,11
焌,11
清,11
渍,11
添,11
渚,11
鸿,11
淇,11
淋,11
淅,11
淞,11
渎,11
涯,11
淹,11
涿,11
渠,11
渐,11
淑,11
淖,11
挲,11
淌,11
淏,11
混,11
淠,11
涸,11
渑,11
淮,11
淦,11
淆,11
渊,11
淫,11
淝,11
渔,11
淘,11
淳,11
液,11
淬,11
涪,11
淤,11
淡,11
淙,11
淀,11
涫,11
深,11
渌,11
涮,11
涵,11
婆,11
梁,11
渗,11
淄,11
情,11
惬,11
悻,11
惜,11
惭,11
悱,11
悼,11
惝,11
惧,11
惕,11
惘,11
悸,11
惟,11
惆,11
惚,11
惊,11
惇,11
惦,11
悴,11
惮,11
惋,11
惨,11
惯,11
寇,11
寅,11
寄,11
寂,11
逭,11
宿,11
窒,11
窑,11
窕,11
密,11
谋,11
谌,11
谍,11
谎,11
谏,11
扈,11
皲,11
谐,11
谑,11
裆,11
袱,11
袼,11
裈,11
裉,11
祷,11
祸,11
祲,11
谒,11
谓,11
谔,11
谕,11
谖,11
谗,11
谙,11
谚,11
谛,11
谜,11
谝,11
敝,11
逮,11
逯,11
敢,11
尉,11
屠,11
艴,11
弹,11
隋,11
堕,11
郿,11
随,11
蛋,11
隅,11
隈,11
粜,11
隍,11
隗,11
隆,11
隐,11
婧,11
婊,11
婞,11
婳,11
婕,11
娼,11
婢,11
婚,11
婵,11
婶,11
婉,11
胬,11
袈,11
颇,11
颈,11
翌,11
恿,11
欸,11
绩,11
绪,11
绫,11
骐,11
续,11
骑,11
绮,11
绯,11
绰,11
骒,11
绲,11
绳,11
骓,11
维,11
绵,11
绶,11
绷,11
绸,11
绹,11
绺,11
绻,11
综,11
绽,11
绾,11
绿,11
骖,11
缀,11
缁,11
巢,11
耠,12
琫,12
琵,12
琴,12
琶,12
琪,12
瑛,12
琳,12
琦,12
琢,12
琥,12
琨,12
靓,12
琼,12
斑,12
琰,12
琮,12
琯,12
琬,12
琛,12
琚,12
辇,12
替,12
鼋,12
揳,12
揍,12
款,12
堪,12
堞,12
搽,12
塔,12
搭,12
塃,12
揸,12
堰,12
揠,12
堙,12
揩,12
越,12
趄,12
趁,12
趋,12
超,12
揽,12
提,12
堤,12
揖,12
博,12
揾,12
颉,12
揭,12
喜,12
彭,12
揣,12
塄,12
揿,12
插,12
揪,12
搜,12
煮,12
堠,12
耋,12
揄,12
援,12
搀,12
蛰,12
蛩,12
絷,12
塆,12
裁,12
揞,12
搁,12
搓,12
搂,12
搅,12
揎,12
壹,12
握,12
摒,12
揆,12
搔,12
揉,12
掾,12
葜,12
聒,12
斯,12
期,12
欺,12
联,12
葑,12
葚,12
葫,12
靰,12
靸,12
散,12
葳,12
惹,12
蒇,12
葬,12
蒈,12
募,12
葺,12
葛,12
蒉,12
葸,12
萼,12
蓇,12
萩,12
董,12
葆,12
葩,12
葡,12
敬,12
葱,12
蒋,12
葶,12
蒂,12
蒌,12
篊,12
蒎,12
落,12
萱,12
葖,12
韩,12
戟,12
朝,12
葭,12
辜,12
葵,12
棒,12
楮,12
棱,12
棋,12
椰,12
植,12
森,12
棼,12
焚,12
椟,12
椅,12
椒,12
棹,12
棵,12
棍,12
椤,12
棰,12
椎,12
棉,12
椑,12
鹀,12
赍,12
棚,12
椋,12
椁,12
棬,12
棕,12
棺,12
榔,12
楗,12
棣,12
椐,12
椭,12
鹁,12
惠,12
惑,12
逼,12
覃,12
粟,12
棘,12
酣,12
酤,12
酢,12
酥,12
酡,12
酦,12
鹂,12
觌,12
厨,12
厦,12
硬,12
硝,12
硪,12
硷,12
确,12
硫,12
雁,12
厥,12
殖,12
裂,12
雄,12
殚,12
殛,12
颊,12
雳,12
雯,12
辊,12
辋,12
椠,12
暂,12
辌,12
辍,12
辎,12
雅,12
翘,12
辈,12
斐,12
悲,12
紫,12
凿,12
黹,12
辉,12
敞,12
棠,12
牚,12
赏,12
掌,12
晴,12
睐,12
暑,12
最,12
晰,12
量,12
睑,12
睇,12
鼎,12
睃,12
喷,12
戢,12
喋,12
嗒,12
喃,12
喳,12
晶,12
喇,12
遇,12
喊,12
喱,12
喹,12
遏,12
晷,12
晾,12
景,12
喈,12
畴,12
践,12
跖,12
跋,12
跌,12
跗,12
跞,12
跚,12
跑,12
跎,12
跏,12
跛,12
跆,12
遗,12
蛙,12
蛱,12
蛲,12
蛭,12
蛳,12
蛐,12
蛔,12
蛛,12
蜓,12
蛞,12
蜒,12
蛤,12
蛴,12
蛟,12
蛘,12
蛑,12
畯,12
喁,12
喝,12
鹃,12
喂,12
喟,12
斝,12
喘,12
啾,12
嗖,12
喤,12
喉,12
喻,12
喑,12
啼,12
嗟,12
喽,12
嗞,12
喧,12
喀,12
喔,12
喙,12
嵌,12
嵘,12
嵖,12
幅,12
崴,12
遄,12
詈,12
帽,12
嵎,12
崽,12
嵚,12
嵬,12
嵛,12
翙,12
嵯,12
嵝,12
嵫,12
幄,12
嵋,12
赋,12
赌,12
赎,12
赐,12
赑,12
赔,12
黑,12
铸,12
铹,12
铺,12
铻,12
铼,12
铽,12
链,12
铿,12
销,12
锁,12
锃,12
锄,12
锂,12
锅,12
锆,12
锇,12
锈,12
锉,12
锊,12
锋,12
锌,12
锎,12
锏,12
锐,12
锑,12
锒,12
锓,12
锔,12
锕,12
甥,12
掣,12
掰,12
短,12
智,12
矬,12
氰,12
毳,12
毯,12
氮,12
毽,12
氯,12
犊,12
犄,12
犋,12
鹄,12
犍,12
鹅,12
颋,12
剩,12
嵇,12
稍,12
程,12
稀,12
黍,12
稃,12
税,12
稂,12
筐,12
等,12
筘,12
筑,12
策,12
筚,12
筛,12
筜,12
筒,12
筅,12
筏,12
筵,12
筌,12
答,12
筋,12
筝,12
傣,12
傲,12
傅,12
傈,12
舄,12
牍,12
牌,12
傥,12
堡,12
集,12
焦,12
傍,12
傧,12
储,12
遑,12
皓,12
皖,12
粤,12
奥,12
傩,12
遁,12
街,12
惩,12
御,12
徨,12
循,12
舾,12
艇,12
舒,12
畲,12
弑,12
逾,12
颌,12
翕,12
釉,12
番,12
释,12
鹆,12
禽,12
舜,12
貂,12
腈,12
腊,12
腌,12
腓,12
腆,12
腴,12
脾,12
腋,12
腑,12
腙,12
腚,12
腔,12
腕,12
腱,12
腒,12
鱿,12
鲀,12
鲁,12
鲂,12
鲃,12
颍,12
猢,12
猹,12
猩,12
猥,12
猬,12
猾,12
猴,12
飓,12
觞,12
觚,12
猸,12
猱,12
惫,12
飧,12
然,12
馇,12
馈,12
馉,12
馊,12
馋,12
亵,12
装,12
蛮,12
脔,12
就,12
敦,12
裒,12
廋,12
斌,12
痣,12
痨,12
痦,12
痘,12
痞,12
痢,12
痤,12
痪,12
痫,12
痧,12
痛,12
鄌,12
赓,12
竦,12
童,12
瓿,12
竣,12
啻,12
颏,12
鹇,12
阑,12
阒,12
阔,12
阕,12
善,12
翔,12
羡,12
普,12
粪,12
粞,12
尊,12
奠,12
遒,12
道,12
遂,12
孳,12
曾,12
焯,12
焜,12
焰,12
焙,12
焱,12
鹈,12
湛,12
港,12
渫,12
滞,12
湖,12
湘,12
渣,12
渤,12
湮,12
湎,12
湝,12
湨,12
湜,12
渺,12
湿,12
温,12
渴,12
渭,12
溃,12
湍,12
溅,12
滑,12
湃,12
湫,12
溲,12
湟,12
溆,12
渝,12
湲,12
湾,12
渡,12
游,12
溠,12
溇,12
湔,12
滋,12
湉,12
渲,12
溉,12
渥,12
湄,12
滁,12
愤,12
慌,12
惰,12
愠,12
惺,12
愦,12
愕,12
惴,12
愣,12
愀,12
愎,12
惶,12
愧,12
愉,12
愔,12
慨,12
喾,12
割,12
寒,12
富,12
寓,12
窜,12
窝,12
窖,12
窗,12
窘,12
寐,12
谟,12
扉,12
遍,12
棨,12
雇,12
扊,12
裢,12
裎,12
裣,12
裕,12
裤,12
裥,12
裙,12
祾,12
祺,12
祼,12
谠,12
禅,12
禄,12
幂,12
谡,12
谢,12
谣,12
谤,12
谥,12
谦,12
谧,12
堲,12
遐,12
犀,12
属,12
屡,12
孱,12
弼,12
强,12
粥,12
巽,12
疏,12
隔,12
骘,12
隙,12
隘,12
媒,12
媪,12
絮,12
嫂,12
媛,12
婷,12
媚,12
婿,12
巯,12
毵,12
翚,12
登,12
皴,12
婺,12
骛,12
缂,12
缃,12
缄,12
缅,12
彘,12
缆,12
缇,12
缈,12
缉,12
缌,12
缎,12
缏,12
缑,12
缒,12
缓,12
缔,12
缕,12
骗,12
编,12
缗,12
骙,12
骚,12
缘,12
飨,12
耢,13
瑟,13
瑚,13
鹉,13
瑁,13
瑞,13
瑰,13
瑀,13
瑜,13
瑗,13
瑄,13
瑕,13
遨,13
骜,13
瑙,13
遘,13
韫,13
魂,13
髡,13
肆,13
摄,13
摸,13
填,13
搏,13
塥,13
塬,13
鄢,13
趔,13
趑,13
摅,13
塌,13
摁,13
鼓,13
摆,13
赪,13
携,13
塮,13
蜇,13
搋,13
搬,13
摇,13
搞,13
搪,13
塘,13
搒,13
搐,13
搛,13
搠,13
摈,13
彀,13
毂,13
搌,13
搦,13
摊,13
搡,13
聘,13
蓁,13
戡,13
斟,13
蒜,13
蓍,13
鄞,13
勤,13
靴,13
靳,13
靶,13
鹊,13
蓐,13
蓝,13
墓,13
幕,13
蓦,13
鹋,13
蒽,13
蓓,13
蓖,13
蓊,13
蒯,13
蓟,13
蓬,13
蓑,13
蒿,13
蒺,13
蓠,13
蒟,13
蒡,13
蓄,13
蒹,13
蒴,13
蒲,13
蒗,13
蓉,13
蒙,13
蓂,13
蓥,13
颐,13
蒸,13
献,13
蓣,13
楔,13
椿,13
楠,13
禁,13
楂,13
楚,13
楝,13
楷,13
榄,13
想,13
楫,13
榀,13
楞,13
楸,13
椴,13
槐,13
槌,13
楯,13
榆,13
榇,13
榈,13
槎,13
楼,13
榉,13
楦,13
概,13
楣,13
楹,13
椽,13
裘,13
赖,13
剽,13
甄,13
酮,13
酰,13
酯,13
酪,13
酩,13
酬,13
蜃,13
感,13
碛,13
碍,13
碘,13
碓,13
碑,13
硼,13
碉,13
碎,13
碚,13
碰,13
碇,13
碗,13
碌,13
碜,13
鹌,13
尴,13
雷,13
零,13
雾,13
雹,13
辏,13
辐,13
辑,13
辒,13
输,13
督,13
频,13
龃,13
龄,13
龅,13
龆,13
觜,13
訾,13
粲,13
虞,13
鉴,13
睛,13
睹,13
睦,13
瞄,13
睚,13
嗪,13
睫,13
韪,13
嗷,13
嗉,13
睡,13
睨,13
睢,13
雎,13
睥,13
睬,13
嘟,13
嗜,13
嗑,13
嗫,13
嗬,13
嗔,13
鄙,13
嗦,13
嗝,13
愚,13
戥,13
嗄,13
暖,13
盟,13
煦,13
歇,13
暗,13
暅,13
暄,13
暇,13
照,13
遢,13
暌,13
畸,13
跬,13
跨,13
跶,13
跷,13
跸,13
跐,13
跣,13
跹,13
跳,13
跺,13
跪,13
路,13
跻,13
跤,13
跟,13
遣,13
蛸,13
蜈,13
蜎,13
蜗,13
蛾,13
蜊,13
蜍,13
蜉,13
蜂,13
蜣,13
蜕,13
畹,13
蛹,13
嗣,13
嗯,13
嗅,13
嗥,13
嗲,13
嗳,13
嗡,13
嗌,13
嗍,13
嗨,13
嗤,13
嗵,13
嗓,13
署,13
置,13
罨,13
罪,13
罩,13
蜀,13
幌,13
嵊,13
嵩,13
嵴,13
骰,13
锖,13
锗,13
错,13
锘,13
锚,13
锛,13
锜,13
锝,13
锞,13
锟,13
锡,13
锢,13
锣,13
锤,13
锥,13
锦,13
锧,13
锨,13
锪,13
锫,13
锩,13
锬,13
锭,13
键,13
锯,13
锰,13
锱,13
矮,13
雉,13
氲,13
犏,13
辞,13
歃,13
稞,13
稚,13
稗,13
稔,13
稠,13
颓,13
愁,13
筹,13
筠,13
筢,13
筮,13
筻,13
筲,13
筼,13
筱,13
签,13
简,13
筷,13
毁,13
舅,13
鼠,13
牒,13
煲,13
催,13
傻,13
像,13
躲,13
鹎,13
魁,13
敫,13
僇,13
衙,13
微,13
徭,13
愆,13
艄,13
觎,13
毹,13
愈,13
遥,13
貊,13
貅,13
貉,13
颔,13
腻,13
腠,13
腩,13
腰,13
腼,13
腽,13
腥,13
腮,13
腭,13
腹,13
腺,13
腧,13
鹏,13
塍,13
媵,13
腾,13
腿,13
詹,13
鲅,13
鲆,13
鲇,13
鲈,13
鲉,13
鲊,13
稣,13
鲋,13
鲌,13
鲍,13
鲏,13
鲐,13
肄,13
猿,13
颖,13
鹐,13
飔,13
飕,13
觥,13
触,13
解,13
遛,13
煞,13
雏,13
馌,13
馍,13
馏,13
馐,13
酱,13
鹑,13
禀,13
亶,13
廒,13
瘃,13
痱,13
痹,13
痼,13
廓,13
痴,13
痿,13
瘐,13
瘁,13
瘅,13
痰,13
瘆,13
廉,13
鄘,13
麂,13
裔,13
靖,13
新,13
鄣,13
歆,13
韵,13
意,13
旒,13
雍,13
阖,13
阗,13
阘,13
阙,13
羧,13
豢,13
誊,13
粳,13
粮,13
数,13
煎,13
猷,13
塑,13
慈,13
煤,13
煳,13
煜,13
煨,13
煅,13
煌,13
煊,13
煸,13
煺,13
滟,13
溱,13
溘,13
滠,13
满,13
漭,13
漠,13
滢,13
滇,13
溥,13
溧,13
溽,13
源,13
滤,13
滥,13
裟,13
溻,13
溷,13
溦,13
滗,13
滫,13
溴,13
滏,13
滔,13
溪,13
滃,13
溜,13
滦,13
漓,13
滚,13
溏,13
滂,13
溢,13
溯,13
滨,13
溶,13
滓,13
溟,13
滘,13
溺,13
滍,13
粱,13
滩,13
滪,13
愫,13
慑,13
慎,13
慥,13
慊,13
誉,13
鲎,13
塞,13
骞,13
寞,13
窥,13
窦,13
窠,13
窣,13
窟,13
寝,13
谨,13
裱,13
褂,13
褚,13
裸,13
裼,13
裨,13
裾,13
裰,13
禊,13
福,13
谩,13
谪,13
谫,13
谬,13
群,13
殿,13
辟,13
障,13
媾,13
嫫,13
媳,13
媲,13
嫒,13
嫉,13
嫌,13
嫁,13
嫔,13
媸,13
叠,13
缙,13
缜,13
缚,13
缛,13
辔,13
缝,13
骝,13
缟,13
缠,13
缡,13
缢,13
缣,13
缤,13
骟,13
剿,13
耥,14
璈,14
静,14
碧,14
瑶,14
璃,14
瑭,14
瑢,14
獒,14
赘,14
熬,14
觏,14
慝,14
嫠,14
韬,14
髦,14
墈,14
墙,14
摽,14
墟,14
撇,14
墁,14
撂,14
摞,14
嘉,14
摧,14
撄,14
赫,14
截,14
翥,14
踅,14
誓,14
銎,14
摭,14
墉,14
境,14
摘,14
墒,14
摔,14
穀,14
撖,14
摺,14
綦,14
聚,14
蔫,14
蔷,14
靺,14
靼,14
鞅,14
靽,14
鞁,14
靿,14
蔌,14
蔽,14
慕,14
暮,14
摹,14
蔓,14
蔑,14
甍,14
蔸,14
蓰,14
蔹,14
蔡,14
蔗,14
蔟,14
蔺,14
戬,14
蕖,14
蔻,14
蓿,14
蔼,14
斡,14
熙,14
蔚,14
鹕,14
兢,14
嘏,14
蓼,14
榛,14
榧,14
模,14
槚,14
槛,14
榻,14
榫,14
槜,14
榭,14
槔,14
榴,14
槁,14
榜,14
槟,14
榨,14
榕,14
槠,14
榷,14
榍,14
歌,14
遭,14
僰,14
酵,14
酽,14
酾,14
酲,14
酷,14
酶,14
酴,14
酹,14
酿,14
酸,14
厮,14
碶,14
碡,14
碟,14
碴,14
碱,14
碣,14
碳,14
碲,14
磋,14
磁,14
碹,14
碥,14
愿,14
劂,14
臧,14
豨,14
殡,14
需,14
霆,14
霁,14
辕,14
辖,14
辗,14
蜚,14
裴,14
翡,14
雌,14
龇,14
龈,14
睿,14
弊,14
裳,14
颗,14
夥,14
瞅,14
瞍,14
睽,14
墅,14
嘞,14
嘈,14
嗽,14
嘌,14
嘁,14
嘎,14
暧,14
暝,14
踌,14
踉,14
跽,14
踊,14
蜻,14
蜞,14
蜡,14
蜥,14
蜮,14
蜾,14
蝈,14
蜴,14
蝇,14
蜘,14
蜱,14
蜩,14
蜷,14
蝉,14
蜿,14
螂,14
蜢,14
嘘,14
嘡,14
鹗,14
嘣,14
嘤,14
嘚,14
嘛,14
嘀,14
嗾,14
嘧,14
罴,14
罱,14
幔,14
嶂,14
幛,14
赙,14
罂,14
赚,14
骷,14
骶,14
鹘,14
锲,14
锴,14
锶,14
锷,14
锸,14
锹,14
锻,14
鍠,14
锾,14
锵,14
锿,14
镀,14
镁,14
镂,14
镃,14
镄,14
镅,14
舞,14
犒,14
舔,14
稳,14
熏,14
箐,14
箦,14
箧,14
箍,14
箸,14
箨,14
箕,14
箬,14
算,14
箅,14
箩,14
箪,14
箔,14
管,14
箜,14
箢,14
箫,14
箓,14
毓,14
舆,14
僖,14
儆,14
僳,14
僚,14
僭,14
僬,14
劁,14
僦,14
僮,14
僧,14
鼻,14
魄,14
魅,14
魃,14
魆,14
睾,14
艋,14
鄱,14
貌,14
膜,14
膊,14
膈,14
膀,14
膑,14
鲑,14
鲔,14
鲙,14
鲚,14
鲛,14
鲜,14
鲟,14
疑,14
獐,14
獍,14
飗,14
觫,14
雒,14
孵,14
夤,14
馑,14
馒,14
銮,14
裹,14
敲,14
豪,14
膏,14
塾,14
遮,14
麽,14
廙,14
腐,14
瘩,14
瘌,14
瘗,14
瘟,14
瘦,14
瘊,14
瘥,14
瘘,14
瘙,14
廖,14
辣,14
彰,14
竭,14
韶,14
端,14
旗,14
旖,14
膂,14
阚,14
鄯,14
鲞,14
精,14
粼,14
粹,14
粽,14
糁,14
歉,14
槊,14
鹚,14
熄,14
熘,14
熔,14
煽,14
熥,14
潢,14
潆,14
潇,14
漤,14
漆,14
漕,14
漱,14
漂,14
滹,14
漫,14
漯,14
漶,14
潋,14
潴,14
漪,14
漉,14
漳,14
滴,14
漩,14
漾,14
演,14
澉,14
漏,14
潍,14
慢,14
慷,14
慵,14
寨,14
赛,14
搴,14
寡,14
窬,14
窨,14
窭,14
察,14
蜜,14
寤,14
寥,14
谭,14
肇,14
綮,14
谮,14
褡,14
褙,14
褐,14
褓,14
褛,14
褊,14
褪,14
禚,14
谯,14
谰,14
谱,14
谲,14
暨,14
屣,14
鹛,14
隧,14
嫣,14
嫱,14
嫩,14
嫖,14
嫦,14
嫚,14
嫘,14
嫜,14
嫡,14
嫪,14
鼐,14
翟,14
翠,14
熊,14
凳,14
瞀,14
鹜,14
骠,14
缥,14
缦,14
缧,14
骡,14
缨,14
骢,14
缩,14
缪,14
缫,14
慧,15
耦,15
耧,15
瑾,15
璜,15
璀,15
璎,15
璁,15
璋,15
璇,15
璆,15
奭,15
撵,15
髯,15
髫,15
撷,15
撕,15
撒,15
撅,15
撩,15
趣,15
趟,15
撑,15
撮,15
撬,15
赭,15
播,15
墦,15
擒,15
撸,15
鋆,15
墩,15
撞,15
撤,15
撙,15
增,15
撺,15
墀,15
撰,15
聩,15
聪,15
觐,15
鞋,15
鞑,15
蕙,15
鞒,15
鞍,15
蕈,15
蕨,15
蕤,15
蕞,15
蕺,15
瞢,15
蕉,15
劐,15
蕃,15
蕲,15
蕰,15
蕊,15
赜,15
蔬,15
蕴,15
鼒,15
槿,15
横,15
樯,15
槽,15
槭,15
樗,15
樘,15
樱,15
樊,15
橡,15
槲,15
樟,15
橄,15
敷,15
鹝,15
豌,15
飘,15
醋,15
醌,15
醇,15
醉,15
醅,15
靥,15
魇,15
餍,15
磕,15
磊,15
磔,15
磙,15
磅,15
碾,15
磉,15
殣,15
憖,15
震,15
霄,15
霉,15
霈,15
辘,15
龉,15
龊,15
觑,15
憋,15
瞌,15
瞒,15
题,15
暴,15
瞎,15
瞑,15
嘻,15
嘭,15
噎,15
嘶,15
噶,15
嘲,15
颙,15
暹,15
嘹,15
影,15
踔,15
踝,15
踢,15
踏,15
踟,15
踬,15
踩,15
踮,15
踣,15
踯,15
踪,15
踺,15
踞,15
蝽,15
蝶,15
蝾,15
蝴,15
蝻,15
蝠,15
蝰,15
蝎,15
蝌,15
蝮,15
螋,15
蝗,15
蝓,15
蝣,15
蝼,15
蝤,15
蝙,15
噗,15
嘬,15
颚,15
嘿,15
噍,15
噢,15
噙,15
噜,15
噌,15
嘱,15
噀,15
噔,15
颛,15
幞,15
幡,15
嶓,15
幢,15
嶙,15
嶝,15
墨,15
骺,15
骼,15
骸,15
镊,15
镆,15
镇,15
镈,15
镉,15
镋,15
镌,15
镍,15
镎,15
镏,15
镐,15
镑,15
镒,15
镓,15
镔,15
靠,15
稽,15
稷,15
稻,15
黎,15
稿,15
稼,15
箱,15
箴,15
篑,15
篁,15
篌,15
篓,15
箭,15
篇,15
篆,15
僵,15
牖,15
儇,15
儋,15
躺,15
僻,15
德,15
徵,15
艘,15
磐,15
虢,15
鹞,15
鹟,15
膝,15
膘,15
膛,15
滕,15
鲠,15
鲡,15
鲢,15
鲣,15
鲥,15
鲤,15
鲦,15
鲧,15
鲩,15
鲪,15
鲫,15
鲬,15
橥,15
獗,15
獠,15
觯,15
鹠,15
馓,15
馔,15
熟,15
摩,15
麾,15
褒,15
廛,15
鹡,15
瘛,15
瘼,15
瘪,15
瘢,15
瘤,15
瘠,15
瘫,15
齑,15
凛,15
颜,15
毅,15
羯,15
羰,15
糊,15
糇,15
遴,15
糌,15
糍,15
糈,15
糅,15
翦,15
遵,15
鹣,15
熜,15
熵,15
熠,15
潜,15
澍,15
澎,15
澌,15
潵,15
潮,15
潸,15
潭,15
潦,15
鲨,15
潲,15
鋈,15
潟,15
澳,15
潘,15
潼,15
澈,15
澜,15
潽,15
潺,15
澄,15
潏,15
懂,15
憬,15
憔,15
懊,15
憧,15
憎,15
寮,15
窳,15
额,15
谳,15
翩,15
褥,15
褴,15
褫,15
禤,15
谴,15
鹤,15
谵,15
憨,15
熨,15
慰,15
劈,15
履,15
屦,15
嬉,15
勰,15
戮,15
蝥,15
豫,15
缬,15
缭,15
缮,15
缯,15
骣,15
畿,15
耩,16
耨,16
耪,16
璞,16
璟,16
靛,16
璠,16
璘,16
聱,16
螯,16
髻,16
髭,16
髹,16
擀,16
撼,16
擂,16
操,16
熹,16
甏,16
擐,16
擅,16
擞,16
磬,16
鄹,16
颞,16
蕻,16
鞘,16
燕,16
黇,16
颟,16
薤,16
蕾,16
薯,16
薨,16
薛,16
薇,16
檠,16
擎,16
薪,16
薏,16
蕹,16
薮,16
薄,16
颠,16
翰,16
噩,16
薜,16
薅,16
樾,16
橱,16
橛,16
橇,16
樵,16
檎,16
橹,16
橦,16
樽,16
樨,16
橙,16
橘,16
橼,16
墼,16
整,16
橐,16
融,16
翮,16
瓢,16
醛,16
醐,16
醍,16
醒,16
醚,16
醑,16
觱,16
磺,16
磲,16
赝,16
飙,16
殪,16
霖,16
霏,16
霓,16
霍,16
霎,16
錾,16
辙,16
辚,16
臻,16
冀,16
餐,16
遽,16
氅,16
瞥,16
瞟,16
瞠,16
瞰,16
嚄,16
嚆,16
噤,16
暾,16
曈,16
蹀,16
蹅,16
踶,16
踹,16
踵,16
踽,16
嘴,16
踱,16
蹄,16
蹉,16
蹁,16
蹂,16
螨,16
蟒,16
蟆,16
螈,16
螅,16
螭,16
螗,16
螃,16
螠,16
螟,16
噱,16
器,16
噪,16
噬,16
噫,16
噻,16
噼,16
幪,16
罹,16
圜,16
鹦,16
赠,16
默,16
黔,16
镖,16
镗,16
镘,16
镚,16
镛,16
镜,16
镝,16
镞,16
镠,16
氇,16
氆,16
赞,16
憩,16
穑,16
穆,16
穄,16
篝,16
篚,16
篥,16
篮,16
篡,16
簉,16
篦,16
篪,16
篷,16
篙,16
篱,16
盥,16
儒,16
劓,16
翱,16
魉,16
魈,16
邀,16
徼,16
衡,16
歙,16
盫,16
膨,16
膪,16
膳,16
螣,16
膦,16
膙,16
雕,16
鲭,16
鲮,16
鲯,16
鲰,16
鲱,16
鲲,16
鲳,16
鲴,16
鲵,16
鲷,16
鲸,16
鲺,16
鲹,16
鲻,16
獴,16
獭,16
獬,16
邂,16
憝,16
亸,16
鹧,16
磨,16
廨,16
赟,16
癀,16
瘭,16
瘰,16
廪,16
瘿,16
瘵,16
瘴,16
癃,16
瘾,16
瘸,16
瘳,16
斓,16
麇,16
麈,16
凝,16
辨,16
辩,16
嬴,16
壅,16
羲,16
糙,16
糗,16
糖,16
糕,16
甑,16
燎,16
燠,16
燔,16
燃,16
燧,16
燊,16
燏,16
濑,16
濒,16
濉,16
潞,16
澧,16
澡,16
澴,16
激,16
澹,16
澥,16
澶,16
濂,16
澼,16
憷,16
懒,16
憾,16
懈,16
黉,16
褰,16
寰,16
窸,16
窿,16
褶,16
禧,16
壁,16
避,16
嬖,16
犟,16
隰,16
嬗,16
鹨,16
翯,16
颡,16
缰,16
缱,16
缲,16
缳,16
缴,16
璨,17
璩,17
璐,17
璪,17
戴,17
螫,17
擤,17
壕,17
擦,17
觳,17
罄,17
擢,17
藉,17
薹,17
鞡,17
鞠,17
藏,17
薷,17
薰,17
藐,17
藓,17
藁,17
檬,17
檑,17
檄,17
檐,17
檩,17
檀,17
懋,17
醢,17
翳,17
繄,17
礁,17
礅,17
磷,17
磴,17
鹩,17
霜,17
霞,17
龋,17
龌,17
豳,17
壑,17
黻,17
瞭,17
瞧,17
瞬,17
瞳,17
瞵,17
瞩,17
瞪,17
嚏,17
曙,17
嚅,17
蹑,17
蹒,17
蹋,17
蹈,17
蹊,17
蹓,17
蹐,17
蟥,17
螬,17
螵,17
疃,17
螳,17
螺,17
蟋,17
蟑,17
蟀,17
嚎,17
嚓,17
羁,17
罽,17
罾,17
嶷,17
赡,17
黜,17
黝,17
髁,17
髀,17
镡,17
镢,17
镣,17
镤,17
镥,17
镦,17
镧,17
镨,17
镩,17
镪,17
镫,17
罅,17
穗,17
黏,17
魏,17
簧,17
簌,17
篾,17
簃,17
篼,17
簏,17
簇,17
簖,17
簋,17
繁,17
鼢,17
黛,17
儡,17
鹪,17
鼾,17
皤,17
魍,17
徽,17
艚,17
龠,17
爵,17
繇,17
貘,17
邈,17
貔,17
臌,17
朦,17
臊,17
膻,17
臁,17
臆,17
臃,17
鲼,17
鲽,17
鲾,17
鳀,17
鳁,17
鳂,17
鳃,17
鳄,17
鳅,17
鳆,17
鳇,17
鳈,17
鳉,17
鳊,17
獯,17
螽,17
燮,17
鹫,17
襄,17
糜,17
縻,17
膺,17
癍,17
癌,17
麋,17
辫,17
赢,17
糟,17
糠,17
馘,17
燥,17
懑,17
濡,17
濮,17
濞,17
濠,17
濯,17
懦,17
豁,17
蹇,17
謇,17
邃,17
襕,17
襁,17
臀,17
檗,17
甓,17
臂,17
擘,17
孺,17
隳,17
嬷,17
翼,17
蟊,17
鹬,17
鍪,17
骤,17
鏊,18
鳌,18
鬹,18
鬈,18
鬃,18
瞽,18
藕,18
鞯,18
鞨,18
鞭,18
鞫,18
鞧,18
鞣,18
藜,18
藠,18
藤,18
藩,18
鹲,18
檫,18
檵,18
覆,18
醪,18
蹙,18
礞,18
礓,18
礌,18
燹,18
餮,18
蹩,18
瞿,18
瞻,18
曛,18
颢,18
曜,18
躇,18
蹦,18
鹭,18
蹢,18
蹜,18
蟛,18
蟪,18
蟠,18
蟮,18
嚚,18
嚣,18
鹮,18
黠,18
黟,18
髅,18
髂,18
镬,18
镭,18
镯,18
镰,18
镱,18
馥,18
簠,18
簟,18
簪,18
簦,18
鼫,18
鼬,18
鼩,18
雠,18
艟,18
翻,18
臑,18
鳍,18
鳎,18
鳏,18
鳐,18
鳑,18
鹱,18
鹰,18
癞,18
癔,18
癜,18
癖,18
糨,18
冁,18
瀑,18
瀍,18
瀌,18
鎏,18
懵,18
襟,18
璧,18
戳,18
彝,18
邋,18
鬏,19
攉,19
攒,19
鞲,19
鞴,19
藿,19
蘧,19
孽,19
蘅,19
警,19
蘑,19
藻,19
麓,19
攀,19
醭,19
醮,19
醯,19
礤,19
酃,19
霪,19
霭,19
黼,19
鳖,19
曝,19
嚯,19
蹰,19
蹶,19
蹽,19
蹼,19
蹯,19
蹴,19
蹾,19
蹲,19
蹭,19
蹿,19
蹬,19
蠖,19
蠓,19
蠋,19
蟾,19
蠊,19
巅,19
黢,19
髋,19
髌,19
镲,19
籀,19
簸,19
籁,19
簿,19
鳘,19
齁,19
魑,19
艨,19
鼗,19
鳓,19
鳔,19
鳕,19
鳗,19
鳙,19
鳚,19
蟹,19
颤,19
靡,19
癣,19
麒,19
鏖,19
瓣,19
蠃,19
羸,19
羹,19
爆,19
瀚,19
瀣,19
瀛,19
襦,19
谶,19
襞,19
疆,19
骥,19
缵,19
瓒,20
鬓,20
壤,20
攘,20
馨,20
蘩,20
蘖,20
蘘,20
醵,20
醴,20
霰,20
颥,20
酆,20
耀,20
矍,20
曦,20
躁,20
躅,20
蠕,20
鼍,20
嚼,20
嚷,20
巍,20
巉,20
黩,20
黥,20
镳,20
镴,20
黧,20
籍,20
纂,20
鼯,20
犨,20
臜,20
鳜,20
鳝,20
鳞,20
鳟,20
獾,20
魔,20
糯,20
灌,20
瀹,20
瀵,20
譬,20
孀,20
骧,20
耰,21
蠢,21
瓘,21
鼙,21
醺,21
礴,21
礳,21
霸,21
露,21
霹,21
颦,21
曩,21
躏,21
黯,21
髓,21
鼱,21
鳡,21
鳢,21
癫,21
麝,21
赣,21
夔,21
爝,21
灏,21
禳,21
鐾,21
羼,21
蠡,21
耲,22
耱,22
懿,22
韂,22
蘸,22
鹳,22
糵,22
蘼,22
囊,22
霾,22
氍,22
饕,22
躔,22
躐,22
髑,22
镵,22
镶,22
穰,22
鳤,22
瓤,22
饔,22
鬻,22
鬟,22
趱,22
攫,22
攥,22
颧,22
躜,22
罐,22
鼹,22
鼷,22
癯,22
麟,22
蠲,22
矗,24
蠹,24
醾,24
躞,24
衢,24
鑫,24
灞,24
襻,24
纛,25
鬣,25
攮,25
囔,25
馕,25
戆,25
蠼,26
爨,30
齉,36
